Workbook

Sheet 0_IDENTIFICATION
A1: RAPPORT MENSUEL - ASSEMBLÉE / CELLULE TLWM TOGO
A2: Ce fichier couvre UN MOIS complet. Remplir d'abord cet onglet, puis les onglets SEMAINE et SYNTHESE.
A3: Année
A4: Mois
A5: Code District
A6: Nom District
A7: Code Assemblée / Cellule
A8: Nom Assemblée / Cellule
A9: Type d'unité
A10: Pasteur / Responsable
A11: Contact (téléphone)
A12: Date de soumission
A13: Statut du rapport

Sheet S1_SEMAINE
A1: SEMAINE 1 - Activités Hebdomadaires
A2: Semaine 1 du mois. Saisir une ligne par activité (culte, réunion, séminaire, mission…)
A3: Du : | C3: Au :
A4: Date | B4: Jour | C4: Type d'activité | D4: Thème / Texte | E4: Orateur / Prédicateur | F4: Hommes | G4: Femmes | H4: Jeunes | I4: Les plus jeunes | J4: Assist. Totale | K4: Sauvés | L4: Observations
J5: =IFERROR(F5+G5+H5+I5,"") -> 0
J6: =IFERROR(F6+G6+H6+I6,"") -> 0
J7: =IFERROR(F7+G7+H7+I7,"") -> 0
J8: =IFERROR(F8+G8+H8+I8,"") -> 0
J9: =IFERROR(F9+G9+H9+I9,"") -> 0
J10: =IFERROR(F10+G10+H10+I10,"") -> 0
J11: =IFERROR(F11+G11+H11+I11,"") -> 0
J12: =IFERROR(F12+G12+H12+I12,"") -> 0
J13: =IFERROR(F13+G13+H13+I13,"") -> 0
J14: =IFERROR(F14+G14+H14+I14,"") -> 0
J15: =IFERROR(F15+G15+H15+I15,"") -> 0
J16: =IFERROR(F16+G16+H16+I16,"") -> 0
... J19: =IFERROR(F19+G19+H19+I19,"") -> 0
A20: TOTAUX SEMAINE 1 | F20: =SUM(F5:F19) -> 0 | G20: =SUM(G5:G19) -> 0 | H20: =SUM(H5:H19) -> 0 | I20: =SUM(I5:I19) -> 0 | J20: =SUM(J5:J19) -> 0 | K20: =SUM(K5:K19) -> 0
A22: Personnes ajoutées à l'Église cette semaine :
A23: Témoignages cette semaine :
A24: Invités amenés cette semaine :
A25: Observations / Points de prière :

Sheet S2_SEMAINE
A1: SEMAINE 2 - Activités Hebdomadaires
A2: ℹ️ Semaine 2 du mois. Saisir une ligne par activité (culte, réunion, séminaire, mission…)
A3: Du : | C3: Au :
A4: Date | B4: Jour | C4: Type d'activité | D4: Thème / Texte | E4: Orateur / Prédicateur | F4: Hommes | G4: Femmes | H4: Jeunes | I4: Les plus jeunes | J4: Assist. Totale | K4: Sauvés | L4: Observations
J5: =IFERROR(F5+G5+H5+I5,"") -> 0
J6: =IFERROR(F6+G6+H6+I6,"") -> 0
J7: =IFERROR(F7+G7+H7+I7,"") -> 0
J8: =IFERROR(F8+G8+H8+I8,"") -> 0
J9: =IFERROR(F9+G9+H9+I9,"") -> 0
J10: =IFERROR(F10+G10+H10+I10,"") -> 0
J11: =IFERROR(F11+G11+H11+I11,"") -> 0
J12: =IFERROR(F12+G12+H12+I12,"") -> 0
J13: =IFERROR(F13+G13+H13+I13,"") -> 0
J14: =IFERROR(F14+G14+H14+I14,"") -> 0
J15: =IFERROR(F15+G15+H15+I15,"") -> 0
J16: =IFERROR(F16+G16+H16+I16,"") -> 0
... J19: =IFERROR(F19+G19+H19+I19,"") -> 0
A20: TOTAUX SEMAINE 2 | F20: =SUM(F5:F19) -> 0 | G20: =SUM(G5:G19) -> 0 | H20: =SUM(H5:H19) -> 0 | I20: =SUM(I5:I19) -> 0 | J20: =SUM(J5:J19) -> 0 | K20: =SUM(K5:K19) -> 0
A22: Personnes ajoutées à l'Église cette semaine :
A23: Témoignages cette semaine :
A24: Invités amenés cette semaine :
A25: Observations / Points de prière :

Sheet S3_SEMAINE
A1: 📅 SEMAINE 3 — Activités Hebdomadaires
A2: ℹ️ Semaine 3 du mois. Saisir une ligne par activité (culte, réunion, séminaire, mission…)
A3: Du : | C3: Au :
A4: Date | B4: Jour | C4: Type d'activité | D4: Thème / Texte | E4: Orateur / Prédicateur | F4: Hommes | G4: Femmes | H4: Jeunes (<35) | I4: Enfants (<15) | J4: Assist. Totale | K4: Sauvés | L4: Observations
J5: =IFERROR(F5+G5+H5+I5,"") -> 0
J6: =IFERROR(F6+G6+H6+I6,"") -> 0
J7: =IFERROR(F7+G7+H7+I7,"") -> 0
J8: =IFERROR(F8+G8+H8+I8,"") -> 0
J9: =IFERROR(F9+G9+H9+I9,"") -> 0
J10: =IFERROR(F10+G10+H10+I10,"") -> 0
J11: =IFERROR(F11+G11+H11+I11,"") -> 0
J12: =IFERROR(F12+G12+H12+I12,"") -> 0
J13: =IFERROR(F13+G13+H13+I13,"") -> 0
J14: =IFERROR(F14+G14+H14+I14,"") -> 0
J15: =IFERROR(F15+G15+H15+I15,"") -> 0
J16: =IFERROR(F16+G16+H16+I16,"") -> 0
... J19: =IFERROR(F19+G19+H19+I19,"") -> 0
A20: TOTAUX SEMAINE 3 | F20: =SUM(F5:F19) -> 0 | G20: =SUM(G5:G19) -> 0 | H20: =SUM(H5:H19) -> 0 | I20: =SUM(I5:I19) -> 0 | J20: =SUM(J5:J19) -> 0 | K20: =SUM(K5:K19) -> 0
A22: Personnes ajoutées à l'Église cette semaine :
A23: Témoignages cette semaine :
A24: Invités amenés cette semaine :
A25: Observations / Points de prière :

Sheet S4_SEMAINE
A1: 📅 SEMAINE 4 — Activités Hebdomadaires
A2: ℹ️ Semaine 4 du mois. Saisir une ligne par activité (culte, réunion, séminaire, mission…)
A3: Du : | C3: Au :
A4: Date | B4: Jour | C4: Type d'activité | D4: Thème / Texte | E4: Orateur / Prédicateur | F4: Hommes | G4: Femmes | H4: Jeunes (<35) | I4: Enfants (<15) | J4: Assist. Totale | K4: Sauvés | L4: Observations
J5: =IFERROR(F5+G5+H5+I5,"") -> 0
J6: =IFERROR(F6+G6+H6+I6,"") -> 0
J7: =IFERROR(F7+G7+H7+I7,"") -> 0
J8: =IFERROR(F8+G8+H8+I8,"") -> 0
J9: =IFERROR(F9+G9+H9+I9,"") -> 0
J10: =IFERROR(F10+G10+H10+I10,"") -> 0
J11: =IFERROR(F11+G11+H11+I11,"") -> 0
J12: =IFERROR(F12+G12+H12+I12,"") -> 0
J13: =IFERROR(F13+G13+H13+I13,"") -> 0
J14: =IFERROR(F14+G14+H14+I14,"") -> 0
J15: =IFERROR(F15+G15+H15+I15,"") -> 0
J16: =IFERROR(F16+G16+H16+I16,"") -> 0
... J19: =IFERROR(F19+G19+H19+I19,"") -> 0
A20: TOTAUX SEMAINE 4 | F20: =SUM(F5:F19) -> 0 | G20: =SUM(G5:G19) -> 0 | H20: =SUM(H5:H19) -> 0 | I20: =SUM(I5:I19) -> 0 | J20: =SUM(J5:J19) -> 0 | K20: =SUM(K5:K19) -> 0
A22: Personnes ajoutées à l'Église cette semaine :
A23: Témoignages cette semaine :
A24: Invités amenés cette semaine :
A25: Observations / Points de prière :

Sheet S5_SEMAINE
A1: 📅 SEMAINE 5 — Activités Hebdomadaires
A2: ℹ️ Semaine 5 du mois. Saisir une ligne par activité (culte, réunion, séminaire, mission…)
A3: Du : | C3: Au :
A4: Date | B4: Jour | C4: Type d'activité | D4: Thème / Texte | E4: Orateur / Prédicateur | F4: Hommes | G4: Femmes | H4: Jeunes (<35) | I4: Enfants (<15) | J4: Assist. Totale | K4: Sauvés | L4: Observations
J5: =IFERROR(F5+G5+H5+I5,"") -> 0
J6: =IFERROR(F6+G6+H6+I6,"") -> 0
J7: =IFERROR(F7+G7+H7+I7,"") -> 0
J8: =IFERROR(F8+G8+H8+I8,"") -> 0
J9: =IFERROR(F9+G9+H9+I9,"") -> 0
J10: =IFERROR(F10+G10+H10+I10,"") -> 0
J11: =IFERROR(F11+G11+H11+I11,"") -> 0
J12: =IFERROR(F12+G12+H12+I12,"") -> 0
J13: =IFERROR(F13+G13+H13+I13,"") -> 0
J14: =IFERROR(F14+G14+H14+I14,"") -> 0
J15: =IFERROR(F15+G15+H15+I15,"") -> 0
J16: =IFERROR(F16+G16+H16+I16,"") -> 0
... J19: =IFERROR(F19+G19+H19+I19,"") -> 0
A20: TOTAUX SEMAINE 5 | F20: =SUM(F5:F19) -> 0 | G20: =SUM(G5:G19) -> 0 | H20: =SUM(H5:H19) -> 0 | I20: =SUM(I5:I19) -> 0 | J20: =SUM(J5:J19) -> 0 | K20: =SUM(K5:K19) -> 0
A22: Personnes ajoutées à l'Église cette semaine :
A23: Témoignages cette semaine :
A24: Invités amenés cette semaine :
A25: Observations / Points de prière :

Sheet 6_SYNTHESE_MENSUELLE
A1: SYNTHÈSE MENSUELLE — Assemblée / Cellule
A2: ℹ️ Les totaux des semaines sont automatiquement additionnés ci-dessous. Compléter les sections RH et Finances.
A3: ▸ TOTAUX MISSION DU MOIS
B4: Total | C4: S1 | D4: S2 | E4: S3 | F4: S4 | G4: S5
A5: Assistance totale (cultes + réunions + missions) | B5: =SUM(S1_SEMAINE!J20,S2_SEMAINE!J20,S3_SEMAINE!J20,S4_SEMAINE!J20,S5_SEMAINE!J20) -> 0 | C5: =S1_SEMAINE!J20 -> 0 | D5: =S2_SEMAINE!J20 -> 0 | E5: =S3_SEMAINE!J20 -> 0 | F5: =S4_SEMAINE!J20 -> 0 | G5: =S5_SEMAINE!J20 -> 0
A6: Personnes Sauvées | B6: =SUM(S1_SEMAINE!K20,S2_SEMAINE!K20,S3_SEMAINE!K20,S4_SEMAINE!K20,S5_SEMAINE!K20) -> 0 | C6: =S1_SEMAINE!K20 -> 0 | D6: =S2_SEMAINE!K20 -> 0 | E6: =S3_SEMAINE!K20 -> 0 | F6: =S4_SEMAINE!K20 -> 0 | G6: =S5_SEMAINE!K20 -> 0
A7: Ajoutés à l'Église | B7: =SUM(S1_SEMAINE!F22,S2_SEMAINE!F22,S3_SEMAINE!F22,S4_SEMAINE!F22,S5_SEMAINE!F22) -> 0 | C7: =S1_SEMAINE!F22 -> 0 | D7: =S2_SEMAINE!F22 -> 0 | E7: =S3_SEMAINE!F22 -> 0 | F7: =S4_SEMAINE!F22 -> 0 | G7: =S5_SEMAINE!F22 -> 0
A8: Témoignages | B8: =SUM(S1_SEMAINE!F23,S2_SEMAINE!F23,S3_SEMAINE!F23,S4_SEMAINE!F23,S5_SEMAINE!F23) -> 0 | C8: =S1_SEMAINE!F23 -> 0 | D8: =S2_SEMAINE!F23 -> 0 | E8: =S3_SEMAINE!F23 -> 0 | F8: =S4_SEMAINE!F23 -> 0 | G8: =S5_SEMAINE!F23 -> 0
A9: Invités amenés | B9: =SUM(S1_SEMAINE!F24,S2_SEMAINE!F24,S3_SEMAINE!F24,S4_SEMAINE!F24,S5_SEMAINE!F24) -> 0 | C9: =S1_SEMAINE!F24 -> 0 | D9: =S2_SEMAINE!F24 -> 0 | E9: =S3_SEMAINE!F24 -> 0 | F9: =S4_SEMAINE!F24 -> 0 | G9: =S5_SEMAINE!F24 -> 0
A10: Taux de conversion (Ajoutés / Sauvés × 100) | B10: =IFERROR(B7/B6*100,"—") -> —
A11: ▸ ACTIVITÉS — DÉCOMPTE DU MOIS
A12: Nombre de séminaires EN assemblée
A13: Nombre de séminaires HORS assemblée
A14: Nombre de cultes / réunions tenus
A15: Nombre de semaines actives
A16: ▸ RESSOURCES HUMAINES — Snapshot Fin de Mois
A17: Membres actifs total (fin du mois) | C17: Snapshot cumulatif
A18: Membres nouveaux ajoutés ce mois | C18: =case Ajoutés ci-dessus -> #NAME?
A19: Membres transférés entrants
A20: Membres transférés sortants
A21: Membres décédés ce mois
A22: Nombre de pasteurs
A23: Nombre de prédicateurs accrédités
A24: Nombre de diacres / responsables
A25: Nombre de groupes de prière
A26: ▸ FINANCES DU MOIS (FCFA)
A27: Offrandes (total du mois)
A28: Dîmes (total du mois)
A29: BP
A30: DOVOCOQ
A31: Autres libéralités
A32: TOTAL RECETTES | B32: =SUM(B27:B31) -> 0
A33: Dépenses locales (fonctionnement)
A34: Remontée au District
A35: Observations finances
A36: ▸ RÉUSSITES, DIFFICULTÉS & PERSPECTIVES
A37: Une ligne par point. Type : Réussite / Difficulté / Perspective / Besoin / Prière
A38: Type | B38: Catégorie | C38: Description | D38: Statut | E38: Actions prévues
A39: Réussite
